[{"model": "blog.post", "pk": 1, "fields": {"category": 1, "title": "IT Test title", "description": "this is test description.", "image": "blog/2022/02/2.jpg", "content": "notebook 을 살까요?\r\n언제 ?\r\n사양은?", "create_dt": "2022-01-27T16:03:11.216", "update_dt": "2022-02-02T10:54:36.366"}}, {"model": "blog.post", "pk": 2, "fields": {"category": 1, "title": "Start Bootstrap 테마 사용하기", "description": "test description", "image": "blog/2022/02/1.jpg", "content": "Bootstrap Templates & Themes\r\nFree Bootstrap themes that are ready to customize and publish. All of our themes are built with Bootstrap 5, MIT licensed, and updated regularly!\r\n\r\nSome of our most frequently asked questions here at Start Bootstrap have been about contact forms. How do you make a form work so you can start receiving submissions to your email? Why doesn’t my form work? Contact forms can be a tricky business, and setting them up yourself can take hours of work, and understanding of web development past simple HTML and CSS\r\n\r\nBefore, we offered a PHP mailer service that users could self-host along with supporting markup, JS, and validation JS, that added functionality to some of our contact forms, but these methods weren’t supported in a lot of cases (for example, GitHub Pages), and cause lots of troubleshooting and headaches.\r\n\r\nThat is why we built Start Bootstrap Forms, which allows you to easily add functionality to your contact forms in just a few simple steps.", "create_dt": "2022-01-28T10:14:47.020", "update_dt": "2022-02-02T10:45:34.648"}}, {"model": "blog.post", "pk": 3, "fields": {"category": 2, "title": "카메라를 배운다", "description": "test description - 카메라", "image": "blog/2022/02/3.jpg", "content": "갤럭시s21 카메라 기본적인 사용법\r\n\r\n​\r\n\r\n스마트폰 카메라가 워낙 좋아지다보니, DSLR이나 미러리스. 또는 컴팩트 디카의 시장까지 넘보고 있죠. \r\n\r\n사실상 이미 많은 영역을 장악했다고 해도 거짓이 아닌데요. MP3부터 DMB 시장도 솔직히 스마트폰이 다 집어삼킨 시장이라 할 수 있습니다. 그만큼 항상 손에 쥐고 있고 기동성있게 사용할 수 있다보니, 좋은 카메라가 한대쯤 있어도 스마트폰을 활용하는 일들이 더 많은 것 같습니다. \r\n\r\n제가 그 전에 쓰던 것이 갤럭시S10 5G와 노트8이었는데요. 솔직히 S10도 현역으로서는 충분히 쓸만한 포지션을 유지하고 있죠. 그럼에도 최근에 갤럭시s21 울트라 카메라 하나만 보고 교체를 했었습니다. \r\n\r\n​\r\n\r\n보통 플레그십이나 프리미엄급 스마트폰의 가격을 보면 일단 100이상은 무조건 넘어간다고 봐야 하는데요. \r\n\r\n이 고가의 단말기로 여러 기능들을 수행하겠지만, 캠으로서의 포지션을 배제하지 않는다면, 그 기능에 대해서도 간파를 하고 있어야 가격만큼의 활용을 할 수 있습니다. 제 주변에는 이전 모델도 그렇고 갤럭시s21 카메라 사용법을 잘 몰라서 기본기능만 쓰는 분들이 넘쳐나더군요. \r\n\r\n​\r\n\r\n가령 사진을 찍는다면, 그냥 피사체가 선명해 보이면 셔터를 눌러버리는 그런 걸 말합니다. \r\n\r\n또한 수동모드는 뭔가 복잡해서 시도해 보려고 하지 않는 분들도 많았구요. 그런데 조금만 신경써 보면, 정말 좋은 동영상과 사진을 만들어 낼 수 있죠. 물론 전문적으로 하자면 구도부터 여러가지 설정에 익숙해야 하지만, 전문성을 논하는 수준까지가 아니라면, 기본적인 부분만 익혀두어도 좋은 결과물을 만들어 낼 수 있습니다. 그래서 준비해 봤습니다.", "create_dt": "2022-01-28T14:57:04.790", "update_dt": "2022-02-02T10:53:53.801"}}, {"model": "blog.post", "pk": 4, "fields": {"category": 2, "title": "색다른 버섯맞춤 요리법 소개", "description": "test description - 요리법", "image": "blog/2022/02/4.jpg", "content": "농촌진흥청(청장 박병홍)은 설 명절을 맞아 맛과 식감이 뛰어나고 식품적 가치가 높은 아위느타리, 느티만가닥버섯, 노랑느타리와 맞춤 요리법을 소개했다. \r\n\r\n느타릿과에 속하는 아위느타리는 아위라고 불리는 약용식물 뿌리에서 발생하는 버섯이다. 큰느타리(새송이)와 비슷하게 생겼지만 큰느타리보다 갓 색이 연하고 대가 얇다. 또한, 일반 느타리보다 식이섬유와 비타민 C, 불포화지방산 중 리놀렌산 함량이 더 높다.\r\n\r\n쫄깃하면서도 아삭한 식감이 구운 고기와도 비슷한 아위느타리는 맛이 깔끔해 다양한 요리에 활용할 수 있다. 고기 대신 잡채에 넣거나 가래떡과 소고기로 떡 산적을 부쳐 먹어도 맛있다.\r\n\r\n시중에서 ‘백일송이’ 등으로 판매되는 느티만가닥버섯은 팽이와 생김새가 비슷하다. 힙시지프레놀(Hypsiziprenol) 등과 같은 유용 물질을 함유해 항종양·항진균 기능성을 지니고 있다.\r\n\r\n갓 부위는 식감이 오독오독하고, 줄기는 쫄깃쫄깃하다. 다른 버섯보다 육질이 치밀하고 으깨짐이 적어 비빔밥 등에 활용하면 좋다.\r\n\r\n노랑느타리는 버섯의 갓 색이 노란색을 띤다. 일반 느타리보다 탄수화물 함량은 약 11.5% 낮고 단백질 함량은 약 13.7% 높다. 또한, 항산화 작용이 우수하고 이와 밀접한 폴리페놀 함량도 일반 느타리보다 1.5배 많이 들어있다. \r\n\r\n노랑느타리의 노란색 갓은 채소, 해조류, 육류 등 다양한 재료와 조화를 이뤄 음식을 더 맛깔스럽게 만들어준다. 명절에는 살짝 데친 뒤 굴과 함께 무치거나 샐러드에 넣어 먹어도 좋다. \r\n\r\n농촌진흥청에서는 아위느타리와 백령느타리를 종간 교잡해 더 부드럽고 쫄깃한 식감의 ‘백황’ 품종을 개발했다. ‘백황’은 황제버섯이라는 이름으로 시중에서 판매 중이다. \r\n\r\n또한, 하얀색 느티만가닥버섯 ‘백마루’와 식감이 아삭한 노랑느타리 ‘장다리’ 품종이 지역 먹을거리(로컬푸드) 직매장, 대형마트 등에서 판매되고 있다.\r\n\r\n농촌진흥청 국립원예특작과학원 버섯과 장갑열 과장은 “버섯은 대표적인 저열량 식품으로 면역력 강화 등의 기능성을 갖고 있다”며 “명절 요리에 다양한 버섯을 활용하면 더 풍성한 상차림을 준비할 수 있을 것”이라고 말했다.", "create_dt": "2022-01-28T15:45:01.700", "update_dt": "2022-02-02T10:54:57.084"}}, {"model": "blog.post", "pk": 5, "fields": {"category": 2, "title": "가구 DIY 만들기", "description": "test description - 가구", "image": "blog/2022/02/5.jpg", "content": "요새 많은 분들이 DIY를 취미로 하시더라구요~.\r\n아무래도 종류도 다양하고 하다보니까 악세서리도 만드시고 가구도 만드시고 캔들 등등 많이들 하시는데.\r\n\r\n음 일단 제 생각에는 DIY를 처음 시작하시는거라면 팔찌나 목걸이 만들기 또는 에코백 만들기 이런게 좋으실 거 같아요!\r\n\r\nhttps://smartstore.naver.com/minhwashop", "create_dt": "2022-01-28T15:51:02.837", "update_dt": "2022-02-02T10:57:05.232"}}, {"model": "blog.post", "pk": 6, "fields": {"category": 2, "title": "집수리 노하우", "description": "강쌤철물 강태운 지음  리스컴 펴냄", "image": "blog/2022/02/6.jpg", "content": "요즘은 형광등 대신 LED등을 많이 사용하다 보니, 예전처럼 형광등 갈 일은 적어졌다. 그러나, LED등이라고 전혀 손댈 필요가 없는 게 아니다. 안정기 컨버터가 의외로 수명이 짧다. 그래서 이걸 교체하거나 아예 LED 등기구를 바꿔야 하는 일이 발생한다. 단순히 형광등만 바꿔주는 것과 차원이 다르다. 물론 알고 보면 이것도 그리 어려운 일은 아니지만, 전기를 만진다는 두려움 때문에 손도 못 댄다.\r\n\r\n이뿐만이 아니다. 집을 제대로 관리하기 위해서는 해야 할 일들이 많다. 방충망도 달아야 하고, 수도관 동파에 현관 보조키, 세면기나 변기 교체, 문 수리, 스위치 교체 등등 돌발 변수가 아주 많다. 이 일들을 전부 철물점이나 인테리어 하는 분들에게 맡기면, 돈도 많이 들고, 바로 해결하지 못하고 며칠 기다려야 하는 엄청난 불편도 겪게 된다.", "create_dt": "2022-01-28T16:32:25.643", "update_dt": "2022-02-02T18:16:49.891"}}]